title,price,post_timestamp,location,post_url,image_url
Hp Touchscreen Laptop,$120,2023-12-20 18:29:15.404319,Arvada,https://denver.craigslist.org/sys/d/arvada-hp-touchscreen-laptop/7699662548.html,https://images.craigslist.org/00m0m_fb3C1Uz9eE7_0lM0t2_300x300.jpg
*** EXCELLENT HP 9470 Core i5 Laptop!!! ***,$80,2023-12-20 18:29:15.405273,Denver,https://denver.craigslist.org/sys/d/excellent-hp-9470-core-i5-laptop/7699654608.html,https://images.craigslist.org/01313_3S6fWBtBNzm_0x20oM_300x300.jpg
Acer Laptop AC Adapter/Charger 19V 3.42A 65W 1.5mm 5.5mm,$25,2023-12-20 18:29:15.405273,Denver,https://denver.craigslist.org/sys/d/acer-laptop-ac-adapter-charger-19v-342a/7699654004.html,no image
"Hp Laptop Intel Core i7 Six Core / 32gb Ram, Win11, 1TB Ssd",$600,2023-12-20 00:00:00.000000,Denver,https://denver.craigslist.org/sys/d/denver-hp-laptop-intel-core-i7-six-core/7698807886.html,https://images.craigslist.org/00606_lsCKejW6rvJ_0CI0t2_300x300.jpg
Dell Latitude 5410 Laptop / 32GB RAM / 512GB HDD / i5-10310U / Win10P,$125,2023-12-20 00:00:00.000000,North Metro,https://denver.craigslist.org/sys/d/denver-dell-latitude-5410-laptop-32gb/7699581622.html,https://images.craigslist.org/00e0e_bAc2A3EqPL0_0g805U_300x300.jpg
Gaming Laptop 32GB RAM 512GB Nvme SSD Dell Latitude E5570 15.6‚Äù,$500,2023-12-20 00:00:00.000000,Boulder,https://denver.craigslist.org/sys/d/boulder-gaming-laptop-32gb-ram-512gb/7691779278.html,https://images.craigslist.org/01414_aItoWu5JaHf_0fu0bC_300x300.jpg
"Dell Inspiron 13-7352 13.3"" 8GB RAM 2-in-1 Tablet/Laptop/Touchscreen",$250,2023-12-20 00:00:00.000000,Boulder,https://denver.craigslist.org/sys/d/boulder-dell-inspiron-gb-ram-in-tablet/7693442853.html,https://images.craigslist.org/00M0M_9eNdZPwMw73_0jm0fp_300x300.jpg
HP G6 Intel 4Gb ram Laptop computer Windows 10 works great,$60,2023-12-20 00:00:00.000000,Denver,https://denver.craigslist.org/sys/d/denver-hp-g6-intel-4gb-ram-laptop/7699554859.html,https://images.craigslist.org/01111_adY9S20YQ8G_0CI0t2_300x300.jpg
"ThinkPad X1 Carbon Gen 9 Intel (14"" Laptop)",$450,2023-12-20 00:00:00.000000,Denver,https://denver.craigslist.org/sys/d/denver-thinkpad-x1-carbon-gen-intel-14/7696604647.html,https://images.craigslist.org/00u0u_5hYsXCqkRau_0t20CI_300x300.jpg
Like New Samsung Laptop-Notebook 9 Pen 15 Inch,$450,2023-12-20 00:00:00.000000,,https://denver.craigslist.org/sys/d/englewood-like-new-samsung-laptop/7696067649.html,https://images.craigslist.org/00Q0Q_c5ZwwjrStXd_0wg0wg_300x300.jpg
LENOVO IDEAPAD x64 256MB LAPTOP,$140,2023-12-20 00:00:00.000000,Commerce City,https://denver.craigslist.org/sys/d/commerce-city-lenovo-ideapad-x64-256mb/7698637548.html,https://images.craigslist.org/00Y0Y_gM6r0rWO79E_0Cz0t2_300x300.jpg
"Laptop Dell Core i7 Quad,  15.6 Inch Screen, Win11Pro",$400,2023-12-20 00:00:00.000000,Denver,https://denver.craigslist.org/sys/d/denver-laptop-dell-core-i7-quad-156/7698745279.html,https://images.craigslist.org/00j0j_6GTl5BzlFTH_0lq0jm_300x300.jpg
Dell Inspiron 5558 laptop,$100,2023-12-20 00:00:00.000000,Lakewood,https://denver.craigslist.org/sys/d/denver-dell-inspiron-5558-laptop/7699480204.html,https://images.craigslist.org/00N0N_kDrADF8PkG4_0t20CI_300x300.jpg
Microsoft Surface Pro 9 Tablet/Laptop,"$1,550",2023-12-19 00:00:00.000000,"Conifer, CO",https://denver.craigslist.org/sys/d/pine-microsoft-surface-pro-tablet-laptop/7689571447.html,https://images.craigslist.org/00K0K_8FZTa5OeNVE_0hg0jr_300x300.jpg
"15.6"" Lenovo IdeaPad 330 Laptop Window 11 Office",$180,2023-12-19 00:00:00.000000,Brighton,https://denver.craigslist.org/sys/d/brighton-156-lenovo-ideapad-330-laptop/7699429667.html,https://images.craigslist.org/00101_6g8Ubq5z04B_0CI0x6_300x300.jpg
"14"" Lenovo ThinkPad L13 Laptop Window 11 Office",$260,2023-12-19 00:00:00.000000,Brighton,https://denver.craigslist.org/sys/d/brighton-14-lenovo-thinkpad-l13-laptop/7697723049.html,https://images.craigslist.org/00u0u_ls4MnY4lXf6_0CI0vW_300x300.jpg
"14"" Dell Latitude E5440 Laptop Win11 Office",$99,2023-12-19 00:00:00.000000,Brighton,https://denver.craigslist.org/sys/d/brighton-14-dell-latitude-e5440-laptop/7694602230.html,https://images.craigslist.org/00I0I_99t1cujIWW_0CI0rV_300x300.jpg
"14"" Dell Latitude 5400 Chrome Laptop Chrome OS 115",$99,2023-12-19 00:00:00.000000,Brighton,https://denver.craigslist.org/sys/d/brighton-14-dell-latitude-5400-chrome/7696719138.html,https://images.craigslist.org/00F0F_7mPcs4Z4JXc_0CI0yQ_300x300.jpg
Laptop Rolling Bag,$30,2023-12-19 00:00:00.000000,Aurora,https://denver.craigslist.org/sys/d/aurora-laptop-rolling-bag/7693889155.html,https://images.craigslist.org/01717_iTo9WoLBVDT_0t20CI_300x300.jpg
Dell Latitude E6420 i7 Laptop,$60,2023-12-19 00:00:00.000000,Aurora,https://denver.craigslist.org/sys/d/aurora-dell-latitude-e6420-i7-laptop/7699379397.html,https://images.craigslist.org/00k0k_lBQLQRnG9Ef_0t20CI_300x300.jpg
"DELL Latitude E5400 Laptop 14"" Windows 10",$120,2023-12-19 00:00:00.000000,Boulder,https://denver.craigslist.org/sys/d/boulder-dell-latitude-e5400-laptop-14/7693899305.html,https://images.craigslist.org/00P0P_lvmHm3EFgrm_0jm0pO_300x300.jpg
"Apple MacBook Air 13"" Mid 2014 i7 8gb 128gb SSD Laptop",$180,2023-12-19 00:00:00.000000,Centennial,https://denver.craigslist.org/sys/d/littleton-apple-macbook-air-13-mid-2014/7697816702.html,https://images.craigslist.org/00k0k_j928vNrqDod_0CI0t2_300x300.jpg
Black Laptop Bag with Removable Shoulder Strap in Great Shape,$15,2023-12-19 00:00:00.000000,Meridian Village,https://denver.craigslist.org/sys/d/castle-rock-black-laptop-bag-with/7699306660.html,https://images.craigslist.org/00z0z_1vWp11fjUQs_0ww0oo_300x300.jpg
"ASUS VivoBook Flip 14 Thin and Light 2-in-1 Laptop, 14‚Äù FHD Touch, 11t",$299,2023-12-19 00:00:00.000000,Denver,https://denver.craigslist.org/sys/d/denver-asus-vivobook-flip-14-thin-and/7691207493.html,https://images.craigslist.org/00J0J_g4qDFtlzuUF_0j40fF_300x300.jpg
"THULE Laptop Case - 15"" - Rare Color",$30,2023-12-19 00:00:00.000000,Denver,https://denver.craigslist.org/sys/d/denver-thule-laptop-case-rare-color/7699234690.html,https://images.craigslist.org/00H0H_9jpLtu4gBIX_0CI0t2_300x300.jpg
MSI CYBORG 15A13VE Gaming Laptop,$900,2023-12-19 00:00:00.000000,Denver,https://denver.craigslist.org/sys/d/denver-msi-cyborg-15a13ve-gaming-laptop/7693641629.html,https://images.craigslist.org/00w0w_kmK1Xg1fdPB_0CI0t2_300x300.jpg
"HP ENVY 14 Beats Edition 14.5"" i5 2.53GHz DVDRW Laptop",$150,2023-12-19 00:00:00.000000,Boulder,https://denver.craigslist.org/sys/d/boulder-hp-envy-14-beats-edition-145-i5/7697925372.html,https://images.craigslist.org/00f0f_113qcIcOzVW_0pO0jm_300x300.jpg
hp monitor for computer laptop 24 inch,$125,2023-12-19 00:00:00.000000,Parker,https://denver.craigslist.org/sys/d/englewood-hp-monitor-for-computer/7691019708.html,https://images.craigslist.org/00p0p_kNnMX2uRhBv_0dZ09W_300x300.jpg
"Like new DELL laptop 15R 5537 computer 15"" 6GB RAM 256GB SSD",$350,2023-12-19 00:00:00.000000,Parker,https://denver.craigslist.org/sys/d/englewood-like-new-dell-laptop-15r-5537/7691014650.html,https://images.craigslist.org/00I0I_9FhLa4UeP2d_0fF0aV_300x300.jpg
Super Fast Dell Laptop i7/ 16gb Ram,$200,2023-12-19 00:00:00.000000,can deliver,https://denver.craigslist.org/sys/d/denver-super-fast-dell-laptop-i7-16gb/7696412296.html,https://images.craigslist.org/00707_9XgMbMTRTDp_0v00ng_300x300.jpg
HP Spectre x360 13-ae0xx convertible laptop,$300,2023-12-19 00:00:00.000000,Five Points,https://denver.craigslist.org/sys/d/denver-hp-spectre-ae0xx-convertible/7699171624.html,https://images.craigslist.org/00404_k8guF212JQ3_0lM0t2_300x300.jpg
Targus universal laptop dock,$20,2023-12-18 00:00:00.000000,,https://denver.craigslist.org/sys/d/pine-targus-universal-laptop-dock/7699082786.html,https://images.craigslist.org/00M0M_85JPHi8lYUx_0CI0t2_300x300.jpg
Lenovo Thinkpad X1 Extreme Laptop,$210,2023-12-18 00:00:00.000000,"Lakewood, CO",https://denver.craigslist.org/sys/d/denver-lenovo-thinkpad-x1-extreme-laptop/7696231477.html,https://images.craigslist.org/00y0y_iOV7wXP7jFy_0CI0t2_300x300.jpg
"Lenovo ThinkPad X240 12.5‚Äù Laptop i7-4600U, 8GB RAM, 256GB SSD w/Adapt",$160,2023-12-18 00:00:00.000000,Boulder,https://denver.craigslist.org/sys/d/boulder-lenovo-thinkpad-laptop-i7-4600u/7694975539.html,https://images.craigslist.org/00z0z_1v2sF7ILw3v_0pO0mQ_300x300.jpg
"HP Red 15.6"" laptop 500GB HDD 4GB RAM Win 10 DVD HDMI WebCam",$150,2023-12-18 00:00:00.000000,Boulder,https://denver.craigslist.org/sys/d/boulder-hp-red-156-laptop-500gb-hdd-4gb/7697004335.html,https://images.craigslist.org/00s0s_dTPEEIyRtPd_0eu0fu_300x300.jpg
Dell XPS 15 Laptop 9510,$750,2023-12-18 00:00:00.000000,Arvada,https://denver.craigslist.org/sys/d/arvada-dell-xps-15-laptop-9510/7699037438.html,https://images.craigslist.org/00L0L_fCWms4hyDzZ_0CI0t2_300x300.jpg
HP Elitebook 840 G3 i7 8GB 512GB SSD Laptop,$150,2023-12-18 00:00:00.000000,Englewood,https://denver.craigslist.org/sys/d/englewood-hp-elitebook-840-g3-i7-8gb/7694678094.html,https://images.craigslist.org/00z0z_c8EcCNj7TPY_09G07g_300x300.jpg
Dell Latitude 15 E5570 i5 16gb 180gb SSD Laptop,$130,2023-12-18 00:00:00.000000,Englewood,https://denver.craigslist.org/sys/d/englewood-dell-latitude-15-e5570-i5/7696317618.html,https://images.craigslist.org/00e0e_htjq6DGb6J1_0Cz0t2_300x300.jpg
NEW Inspiron 16 - 5630 Laptop Intel Core 13th Generation i7,$455,2023-12-18 00:00:00.000000,Arvada,https://denver.craigslist.org/sys/d/arvada-new-inspiron-laptop-intel-core/7696899953.html,https://images.craigslist.org/00e0e_jX3QD4ntprz_0t20CI_300x300.jpg
Microsoft Surface Book 2 Laptop Conputer,$795,2023-12-18 00:00:00.000000,,https://denver.craigslist.org/sys/d/littleton-microsoft-surface-book-laptop/7698959676.html,https://images.craigslist.org/00m0m_ks74Uy9cuS5_0t20CI_300x300.jpg
Dell Latitude E7470 14in Ultrabook Laptop,$120,2023-12-18 00:00:00.000000,Aurora,https://denver.craigslist.org/sys/d/aurora-dell-latitude-in-ultrabook-laptop/7698946577.html,https://images.craigslist.org/00000_cUskrhMTF7y_0CI0uq_300x300.jpg
"Sony VAIO SVE151D11L Laptop Intel i3 8GB RAM 500GB HDD 15.6"" Win 10",$80,2023-12-18 00:00:00.000000,Broomfield,https://denver.craigslist.org/sys/d/broomfield-sony-vaio-sve151d11l-laptop/7697173087.html,https://images.craigslist.org/00303_iAkkbqmZsIb_0CI0t2_300x300.jpg
"Dell Latitude 7410 14"" Laptop, 10th fen i7, 32gb ram, 256gb nvme SSD",$200,2023-12-18 00:00:00.000000,Aurora,https://denver.craigslist.org/sys/d/aurora-dell-latitude-laptop-10th-fen-i7/7695586322.html,https://images.craigslist.org/00S0S_6WBnyn0tFqb_0CI0t2_300x300.jpg
Yoga 15 laptop,$195,2023-12-18 00:00:00.000000,Aurora,https://denver.craigslist.org/sys/d/aurora-yoga-15-laptop/7698853425.html,https://images.craigslist.org/01717_SgJx3heIZl_0t20CI_300x300.jpg
Dell Latitude Laptop Windows 10 Pro,$200,2023-12-17 00:00:00.000000,can deliver,https://denver.craigslist.org/sys/d/denver-dell-latitude-laptop-windows-10/7698615607.html,https://images.craigslist.org/00e0e_d9Kqu94zMEo_0v00ng_300x300.jpg
Super Fast Dell Laptop i7 Ram 16gb,$200,2023-12-17 00:00:00.000000,Denver,https://denver.craigslist.org/sys/d/denver-super-fast-dell-laptop-i7-ram/7698602995.html,https://images.craigslist.org/01010_lbw87y1njUL_0lM0t2_300x300.jpg
HP Notebook/Laptop Computer - Brand New in Sealed Box,$350,2023-12-17 00:00:00.000000,Golden / Genesee,https://denver.craigslist.org/sys/d/golden-hp-notebook-laptop-computer/7698537812.html,https://images.craigslist.org/00808_ePvur4OnCwOz_0t20t2_300x300.jpg
Asus ROG 17.3‚Äù Gaming Laptop Intel Core i7,$600,2023-12-16 00:00:00.000000,,https://denver.craigslist.org/sys/d/broomfield-asus-rog-173-gaming-laptop/7698434671.html,no image
Asus 2-in-1 15.6‚Äù Touch-screen Laptop - Intel Core i7,$500,2023-12-16 00:00:00.000000,,https://denver.craigslist.org/sys/d/broomfield-asus-in-touch-screen-laptop/7698434377.html,no image
Dell Latitude 7420 Laptop Intel Core i7 1185G7 Quad Core 11th Gen,$500,2023-12-16 00:00:00.000000,,https://denver.craigslist.org/sys/d/wheat-ridge-dell-latitude-7420-laptop/7698273470.html,https://images.craigslist.org/00X0X_cr7oTEPYHIF_0oc09u_300x300.jpg
Lenovo Flex 5 14‚Äù Laptop,$300,2023-12-16 00:00:00.000000,Denver,https://denver.craigslist.org/sys/d/denver-lenovo-flex-14-laptop/7698189523.html,https://images.craigslist.org/00202_88AmFUCGK1A_0CI0t2_300x300.jpg
Mobile Pixel Trio Max Portable laptop monitors,$350,2023-12-15 00:00:00.000000,Englewood,https://denver.craigslist.org/sys/d/littleton-mobile-pixel-trio-max/7689329320.html,https://images.craigslist.org/01717_6xFntop5NaV_0CI0t2_300x300.jpg
Samsung Chromebook Laptop,$60,2023-12-15 00:00:00.000000,Denver,https://denver.craigslist.org/sys/d/denver-samsung-chromebook-laptop/7690998442.html,https://images.craigslist.org/00808_6VKF7CymhJ1_08407L_300x300.jpg
Asus ROG Strix Gaming Laptop i7 nVidia GTX NVME SSD AND HDD WIN10PRO OFFICE 19,$675,2023-12-15 00:00:00.000000,Aurora,https://denver.craigslist.org/sys/d/aurora-asus-rog-strix-gaming-laptop-i7/7697932816.html,https://images.craigslist.org/00L0L_gJcLx8520hW_0t20CI_300x300.jpg
Ultrabook Dell Latitude E7470 14in 3.5lb Notebook Laptop,$120,2023-12-15 00:00:00.000000,East Centennial,https://denver.craigslist.org/sys/d/aurora-ultrabook-dell-latitude-in-35lb/7697892725.html,https://images.craigslist.org/00909_9pbDxEzOXs1_0AX0t2_300x300.jpg
Kensington laptop security cable,$15,2023-12-14 00:00:00.000000,DTC,https://denver.craigslist.org/sys/d/kensington-laptop-security-cable/7687969607.html,https://images.craigslist.org/01010_l471f9sGXwS_0lG0t2_300x300.jpg
will trade my x1 carbon copy i5 laptop for windows 10 restore usb disk,$1,2023-12-13 00:00:00.000000,denver,https://denver.craigslist.org/sys/d/denver-will-trade-my-x1-carbon-copy-i5/7693691953.html,https://images.craigslist.org/00h0h_7Q96LQ7RyQo_04903w_300x300.jpg
MSI Thin GF63 15.6‚Äù 144Hz Gaming Laptop,$850,2023-12-13 00:00:00.000000,Log Lane Village,https://denver.craigslist.org/sys/d/log-lane-village-msi-thin-gf-hz-gaming/7697300219.html,https://images.craigslist.org/00i0i_9fqsZUpG1lT_0oz0CI_300x300.jpg
"HP X2 Detachable Laptop 10.1""Touchscreen",$200,2023-12-13 00:00:00.000000,Castle Rock,https://denver.craigslist.org/sys/d/castle-rock-hp-x2-detachable-laptop/7697298502.html,https://images.craigslist.org/00i0i_3qKWL4sIhga_0CI0iP_300x300.jpg
HP Laptop DK1032DM - Upgraded,$125,2023-12-12 00:00:00.000000,"Littleton, CO",https://denver.craigslist.org/sys/d/littleton-hp-laptop-dk1032dm-upgraded/7697051941.html,https://images.craigslist.org/00Q0Q_8eLOtGcW5XD_07K0ak_300x300.jpg
Lenovo X1 Carbon Gen 4 Laptop,$175,2023-12-11 00:00:00.000000,,https://denver.craigslist.org/sys/d/arvada-lenovo-x1-carbon-gen-laptop/7696472660.html,https://images.craigslist.org/00U0U_bNRD3kDSxQ3_08s0ak_300x300.jpg
HP ProBook 430 G8 Laptop i5-1135G7 2.4GHZ - 8GB RAM 256GB SSD,$250,2023-12-10 00:00:00.000000,,https://denver.craigslist.org/sys/d/denver-hp-probook-430-g8-laptop-i5/7689474020.html,https://images.craigslist.org/00808_kIVhNYry1uT_0iS0oL_300x300.jpg
"Dell Inspiron Laptop, Core i3-3217, 16GB RAM, 250SDD HD",$275,2023-12-09 00:00:00.000000,Denver,https://denver.craigslist.org/sys/d/denver-dell-inspiron-laptop-core-gb-ram/7695310573.html,no image
Dell Laptop,$200,2023-12-09 00:00:00.000000,"Westminster, co",https://denver.craigslist.org/sys/d/westminster-dell-laptop/7696030724.html,https://images.craigslist.org/01515_kcuKywdK1uQ_0oc0wg_300x300.jpg
"Razer - Blade 15.6"" Laptop - NVIDIA GeForce 2070 Max-Q",$700,2023-12-09 00:00:00.000000,Aurora,https://denver.craigslist.org/sys/d/aurora-razer-blade-156-laptop-nvidia/7695879403.html,https://images.craigslist.org/00i0i_2ZQvkK9LPob_0w00o0_300x300.jpg
Samsung Laptop,$90,2023-12-08 00:00:00.000000,Aurora CO,https://denver.craigslist.org/sys/d/aurora-samsung-laptop/7693381033.html,https://images.craigslist.org/00i0i_9OXpc4wxdfv_0CI0t2_300x300.jpg
Targus Laptop/Notebook Case,$15,2023-12-07 00:00:00.000000,Aurora,https://denver.craigslist.org/sys/d/aurora-targus-laptop-notebook-case/7695188604.html,https://images.craigslist.org/00c0c_4rKcrLviZQj_0tc0t2_300x300.jpg
Alienware M15 R3 Gaming Laptop - 16GB Ram - 2020,"$1,000",2023-12-07 00:00:00.000000,,https://denver.craigslist.org/sys/d/littleton-alienware-m15-r3-gaming/7685580885.html,https://images.craigslist.org/00T0T_5mApqcwxiKR_0sD0t2_300x300.jpg
Asus like new laptop for sale.,$125,2023-12-06 00:00:00.000000,Denver,https://denver.craigslist.org/sys/d/denver-asus-like-new-laptop-for-sale/7695036240.html,https://images.craigslist.org/00808_ia0tDfssWpM_0lM0CI_300x300.jpg
"Alienware X17 R1 17.3"" FHD 360Hz Gaming Laptop i7-11800H 32GB RAM 2TBS","$1,100",2023-12-05 00:00:00.000000,"100 Kings Plz, Brooklyn",https://denver.craigslist.org/sys/d/littleton-alienware-x17-r1-173-fhd/7694648305.html,https://images.craigslist.org/00D0D_6PfkKpDxDR4_0jm0pO_300x300.jpg
HP Laptop Briefcase 15.6 inch,$20,2023-12-05 00:00:00.000000,Lakewood,https://denver.craigslist.org/sys/d/denver-hp-laptop-briefcase-156-inch/7694469475.html,https://images.craigslist.org/00N0N_jOOEM0rCtnH_0CI0t2_300x300.jpg
--- Must Go --- Gaming Laptop (Asus ROG Zephyrus G14 AMD Ryzen 9),$200,2023-12-05 00:00:00.000000,Denver and suburbs,https://denver.craigslist.org/sys/d/denver-must-go-gaming-laptop-asus-rog/7687775954.html,no image
Genuine Dell 130W Laptop Adapter.,$20,2023-12-04 00:00:00.000000,Metro,https://denver.craigslist.org/sys/d/arvada-genuine-dell-130w-laptop-adapter/7694358300.html,https://images.craigslist.org/00z0z_ieElwQ5SDnR_03S05a_300x300.jpg
Genuine Lenovo OEM 90W Laptop Adapter.,$15,2023-12-04 00:00:00.000000,Metro,https://denver.craigslist.org/sys/d/arvada-genuine-lenovo-oem-90w-laptop/7694357300.html,https://images.craigslist.org/01212_19o5zFOB4Hr_04a05l_300x300.jpg
Laptop Asus A53SV-EH71,$60,2023-12-04 00:00:00.000000,Golden,https://denver.craigslist.org/sys/d/golden-laptop-asus-a53sv-eh71/7694306759.html,https://images.craigslist.org/01515_f2eDfP9BBNI_0CI0t2_300x300.jpg
Lenovo ThinkPad W540 i7 Laptop,$425,2023-12-04 00:00:00.000000,Thornton,https://denver.craigslist.org/sys/d/brighton-lenovo-thinkpad-w540-i7-laptop/7694206116.html,https://images.craigslist.org/00000_6B3hCaivbBN_0t20CI_300x300.jpg
Lenovo ThinkPad T440p i7 Laptop (New),$525,2023-12-04 00:00:00.000000,Thornton,https://denver.craigslist.org/sys/d/brighton-lenovo-thinkpad-t440p-i7/7694205986.html,https://images.craigslist.org/00909_kERUdAQJS2w_0t20CI_300x300.jpg
DELL INSPIRON LAPTOP COMPUTER 5100,$100,2023-12-04 00:00:00.000000,Littleton,https://denver.craigslist.org/sys/d/littleton-dell-inspiron-laptop-computer/7694101383.html,https://images.craigslist.org/00909_kLwAaPz8C4y_0Nx0KP_300x300.jpg
Dell laptop,$150,2023-12-04 00:00:00.000000,Aurora,https://denver.craigslist.org/sys/d/aurora-dell-laptop/7686953507.html,https://images.craigslist.org/00606_8LAl7yBN58P_0d40t2_300x300.jpg
"ASUS ROG Zephyrus G14 14"" Gaming Laptop",$450,2023-12-03 00:00:00.000000,,https://denver.craigslist.org/sys/d/littleton-asus-rog-zephyrus-g14-14/7693727364.html,https://images.craigslist.org/00G0G_jpXBpET1VCN_0CI0t2_300x300.jpg
"HP OMEN 15.6"" RTX 2070 Gaming Laptop",$650,2023-12-02 00:00:00.000000,,https://denver.craigslist.org/sys/d/denver-hp-omen-156-rtx-2070-gaming/7693658485.html,https://images.craigslist.org/00K0K_dm1lL0GG3JS_0Ma0DP_300x300.jpg
Power Spec 1720 Gaming Laptop,$500,2023-12-02 00:00:00.000000,Parker,https://denver.craigslist.org/sys/d/parker-power-spec-1720-gaming-laptop/7693455266.html,https://images.craigslist.org/00Y0Y_d3jPo2toes0_0t20CI_300x300.jpg
HP Pavillion Aero 13in Laptop,$400,2023-12-01 00:00:00.000000,Lakewood,https://denver.craigslist.org/sys/d/denver-hp-pavillion-aero-13in-laptop/7691240208.html,https://images.craigslist.org/00x0x_V3lpb9xHLK_0lM0t2_300x300.jpg
Samsung Ativ Book 9 Plus Ultrabook Laptop,$395,2023-11-30 00:00:00.000000,Castle Rock,https://denver.craigslist.org/sys/d/castle-rock-samsung-ativ-book-plus/7692910906.html,https://images.craigslist.org/00606_5ag6DF0JMAw_0lM0t2_300x300.jpg
Dell D-600 Laptop with Dock and Power Supply,$50,2023-11-30 00:00:00.000000,Castle Rock,https://denver.craigslist.org/sys/d/castle-rock-dell-600-laptop-with-dock/7692765333.html,https://images.craigslist.org/00S0S_bgckUqEf4mx_0t20CI_300x300.jpg
Hp 14 Laptop Intel Celeron Windows 11 New,$175,2023-11-29 00:00:00.000000,Denver,https://denver.craigslist.org/sys/d/denver-hp-14-laptop-intel-celeron/7692539518.html,https://images.craigslist.org/00n0n_jaKaACaRa2o_0CI0BP_300x300.jpg
"HP 15.6 Inch Laptop, Intel Iris Xe Graphics, 11th Generation Intel Cor",$200,2023-11-27 00:00:00.000000,DENVER,https://denver.craigslist.org/sys/d/denver-hp-156-inch-laptop-intel-iris-xe/7691893655.html,https://images.craigslist.org/00Y0Y_6WNp1TZGRym_0oc0jD_300x300.jpg
"Dell XPS 9570 Laptop 15.6"" FHD, Intel Core i7-8750H, 16GB RAM, 512GB S",$500,2023-11-27 00:00:00.000000,Aurora,https://denver.craigslist.org/sys/d/aurora-dell-xps-9570-laptop-156-fhd/7691878518.html,https://images.craigslist.org/00q0q_1MYE8RBmjS1_0lR0t2_300x300.jpg
Dell Latitude 5590 Touchscreen i5 8gb 128gb SSD Laptop,$180,2023-11-27 00:00:00.000000,Centennial,https://denver.craigslist.org/sys/d/littleton-dell-latitude-5590/7682208130.html,https://images.craigslist.org/00707_6Yh7gfHcBmi_09G07g_300x300.jpg
"HP Laptop with Dock,Windows 11, Built in DVD",$450,2023-11-26 00:00:00.000000,Englewood,https://denver.craigslist.org/sys/d/englewood-hp-laptop-with-dockwindows-11/7691509120.html,https://images.craigslist.org/00v0v_k9Grawu6Q0D_0CI0t2_300x300.jpg
HP ProBook 450 G3-15.6‚Äú Laptop In Pristine Cond & Reset w/Windows 10,$160,2023-11-26 00:00:00.000000,Longmont,https://denver.craigslist.org/sys/d/longmont-hp-probook-450-g3-156-laptop/7683498073.html,https://images.craigslist.org/00x0x_moKZq4QYUR_0kG0d9_300x300.jpg
Microsoft Surface Laptop 4 15‚Äù Touch-Screen - $750 OBO,$750,2023-11-26 00:00:00.000000,Denver,https://denver.craigslist.org/sys/d/broomfield-microsoft-surface-laptop-15/7691289783.html,no image
Targus Laptop Briefcase Bag,$10,2023-11-25 00:00:00.000000,Broomfield,https://denver.craigslist.org/sys/d/broomfield-targus-laptop-briefcase-bag/7691202913.html,https://images.craigslist.org/00n0n_5bjhpx7uIPf_0CI0lM_300x300.jpg
Hp laptop,$150,2023-11-25 00:00:00.000000,Fort Lupton,https://denver.craigslist.org/sys/d/fort-lupton-hp-laptop/7691003309.html,https://images.craigslist.org/00M0M_bC5abJmcJrd_0lN0CI_300x300.jpg
Gaming Laptop,$950,2023-11-24 00:00:00.000000,Longmont,https://denver.craigslist.org/sys/d/longmont-gaming-laptop/7690774037.html,no image
"New/Sealed HP Victus 15.6"" 144Hz Gaming Laptop - Silver",$460,2023-11-24 00:00:00.000000,PARKER,https://denver.craigslist.org/sys/d/castle-rock-new-sealed-hp-victus-hz/7682956003.html,https://images.craigslist.org/00d0d_7NhKIe228vk_0fu08M_300x300.jpg
Dell Laptop With Intel i3 Processor!,$75,2023-11-24 00:00:00.000000,Thornton,https://denver.craigslist.org/sys/d/denver-dell-laptop-with-intel-i3/7689593664.html,https://images.craigslist.org/00l0l_beBQGgPXg0z_0se0t2_300x300.jpg
"14"" HP Chromebook Laptop",$75,2023-11-23 00:00:00.000000,Stonegate in Parker,https://denver.craigslist.org/sys/d/parker-14-hp-chromebook-laptop/7680613346.html,https://images.craigslist.org/00M0M_9bOl8MrHCu3_0CI0t2_300x300.jpg
Dell Laptop Computer,$300,2023-11-23 00:00:00.000000,"Denver, CO",https://denver.craigslist.org/sys/d/denver-dell-laptop-computer/7690445180.html,https://images.craigslist.org/00t0t_bYLjHhROVUm_0t20CI_300x300.jpg
"MINT CONDITION, 17.3 Gaming Laptop 32GB Quadro M4000M, 512GB Precision",$300,2023-11-21 00:00:00.000000,Castle Rock,https://denver.craigslist.org/sys/d/castle-rock-mint-condition-173-gaming/7680625809.html,https://images.craigslist.org/00202_5TqGJgrt9CW_0lM0t2_300x300.jpg
"13"" 2015 MacBook Pro w/ Retina Display / 500GB SSD / 8GB RAM",$249,2023-12-20 00:00:00.000000,Arvada,https://denver.craigslist.org/sys/d/arvada-macbook-pro-retina-display-500gb/7699569632.html,https://images.craigslist.org/01616_iDEYz6Xn8A5_1320MM_300x300.jpg
"2015 MacBook Pro 13"" Retina Display - 250GB SSD - 8GB RAM",$225,2023-12-20 00:00:00.000000,Arvada,https://denver.craigslist.org/sys/d/arvada-2015-macbook-pro-13-retina/7699569127.html,https://images.craigslist.org/00202_2aakcB5CTL_1320MM_300x300.jpg
2012 MacBook Pro with Retina Display / 250GB SSD / 8GB RAM / i7,$150,2023-12-20 00:00:00.000000,Arvada,https://denver.craigslist.org/sys/d/arvada-2012-macbook-pro-with-retina/7699568600.html,https://images.craigslist.org/00t0t_d1ZC2535rtZ_1320MM_300x300.jpg
"2014 13"" MacBook Air with BRAND NEW BATTERY and UPGRADED 500GB SSD!!",$249,2023-12-20 00:00:00.000000,Arvada,https://denver.craigslist.org/sys/d/arvada-macbook-air-with-brand-new/7699567281.html,https://images.craigslist.org/00P0P_775kXCK7i2q_1320MM_300x300.jpg
2017 13‚Äù MacBook Pro w/ Retina Display / 250GB SSD / 16GB RAM,$249,2023-12-20 00:00:00.000000,"Arvada, CO",https://denver.craigslist.org/sys/d/arvada-macbook-pro-retina-display-250gb/7699562341.html,https://images.craigslist.org/00b0b_kDZX8ILrlBl_1320MM_300x300.jpg
Dell Latitude E6420M i5-2540M 2.60GHz 4GB RAM 500GB HDD,$160,2023-12-20 00:00:00.000000,Boulder,https://denver.craigslist.org/sys/d/boulder-dell-latitude-e6420m-i5-2540m/7695520831.html,https://images.craigslist.org/01515_i1t7YdGRgWy_0CI0lK_300x300.jpg
Dell Latitude E6410 Intel Core i5 4GB Windows 10 Pro MS Office,$120,2023-12-20 00:00:00.000000,Boulder,https://denver.craigslist.org/sys/d/boulder-dell-latitude-e6410-intel-core/7691985449.html,https://images.craigslist.org/00Z0Z_fI8KVq0ft48z_0CI0lK_300x300.jpg
Dell Inspiron 5566 240GB SSD Touchscreen,$220,2023-12-20 00:00:00.000000,Boulder,https://denver.craigslist.org/sys/d/dell-inspiron-gb-ssd-touchscreen/7694074474.html,https://images.craigslist.org/01010_hv9gvawTDa9_0pO0oJ_300x300.jpg
"Dell Vostro 3458 -i3-5005U W10P 14"" screen",$150,2023-12-20 00:00:00.000000,Boulder,https://denver.craigslist.org/sys/d/boulder-dell-vostro-i3-5005u-w10p-14/7693442451.html,https://images.craigslist.org/00v0v_2Sd38dZjZGa_0pO0jm_300x300.jpg
Dell Latitude E6440 Intel i5-4300M 2.6GHz 4GB RAM,$140,2023-12-20 00:00:00.000000,Boulder,https://denver.craigslist.org/sys/d/boulder-dell-latitude-e6440-intel-i5/7695520493.html,https://images.craigslist.org/00808_1mmVgShxFVm_0pO0pO_300x300.jpg
"MacBook Pro 13"" Mid-2010",$150,2023-12-20 00:00:00.000000,Broomfield,https://denver.craigslist.org/sys/d/broomfield-macbook-pro-13-mid-2010/7691716630.html,https://images.craigslist.org/00i0i_acZK7l6Qrrh_0wi0t2_300x300.jpg
"Asus ROG Zephyrus M16 (RTX 3070 Ti, i9-12900H, 16GB DDR5, 1TB SSD, QHD 165Hz)","$1,150",2023-12-20 00:00:00.000000,Denver,https://denver.craigslist.org/sys/d/denver-asus-rog-zephyrus-m16-rtx-3070/7693063694.html,https://images.craigslist.org/00s0s_83YciXbqZ4a_0t20CI_300x300.jpg
"Dell Latitude e7280 i5-6300u 2.5GHz 8gb ram 256gb M.2 SSD 12"" Win 10",$170,2023-12-20 00:00:00.000000,Boulder,https://denver.craigslist.org/sys/d/boulder-dell-latitude-e7280-i5-6300u/7698798263.html,https://images.craigslist.org/01111_cCmDXp2Gakm_0pO0jm_300x300.jpg
Great Deals at Like New Pcs!,,2023-12-19 00:00:00.000000,ARVADA,https://denver.craigslist.org/sys/d/arvada-great-deals-at-like-new-pcs/7696771756.html,https://images.craigslist.org/00O0O_jbWnp4sRbGF_0ap04Q_300x300.jpg
Dell E-Port Plus II PRO2X docking station,$20,2023-12-19 00:00:00.000000,Centennial,https://denver.craigslist.org/sys/d/englewood-dell-port-plus-ii-pro2x/7694835603.html,https://images.craigslist.org/00X0X_815FUABucpU_0CI0t2_300x300.jpg
"2018 MacBook Pro 15""",$600,2023-12-19 00:00:00.000000,,https://denver.craigslist.org/sys/d/arvada-2018-macbook-pro-15/7699204234.html,https://images.craigslist.org/00G0G_k3N09dpb42N_0t20CI_300x300.jpg
"HP ProBook 430 G1 Intel Core i3-4010U 1.7GHz 8GB RAM SSD drive 13.3""",$150,2023-12-19 00:00:00.000000,Boulder,https://denver.craigslist.org/sys/d/boulder-hp-probook-430-g1-intel-core-i3/7697856845.html,https://images.craigslist.org/00f0f_1AZDj24PGZm_0fu0ak_300x300.jpg
"HP Omen 15.6"" 32GB RAM 1TB SSD i7-7700HQ NVidia GeForce GTX 4GB Gaming",$850,2023-12-19 00:00:00.000000,Boulder,https://denver.craigslist.org/sys/d/boulder-hp-omen-gb-ram-1tb-ssd-i7/7694371743.html,https://images.craigslist.org/00F0F_7P6yQVRB03Vz_0pO0jm_300x300.jpg
DELL LATITUDE E7250 CORE i5 2.3Ghz 8GB RAM 256GB SSD,$160,2023-12-19 00:00:00.000000,Boulder,https://denver.craigslist.org/sys/d/boulder-dell-latitude-e7250-core-i5/7697857528.html,https://images.craigslist.org/00q0q_fo3R1XqEg46z_0lY0e4_300x300.jpg
"HP ProBook x360, Pentium N4200, 8GB RAM, 256GB Storage, W10 Pro",$79,2023-12-18 00:00:00.000000,,https://denver.craigslist.org/sys/d/aurora-hp-probook-x360-pentium-n4200/7699056127.html,https://images.craigslist.org/00404_8jwaHHDfPqe_0lM0t2_300x300.jpg
"HP ProBook x360, Pentium N4200, 8GB RAM, 256GB Storage, W10 Pro",$79,2023-12-18 00:00:00.000000,,https://denver.craigslist.org/sys/d/aurora-hp-probook-x360-pentium-n4200/7699054389.html,https://images.craigslist.org/00d0d_hfdD3pmT0Zf_0lM0t2_300x300.jpg
"HP Stream 14-ax010wm, Celeron N3060, 4GB RAM, 32GB Storage, W10 Home",$69,2023-12-18 00:00:00.000000,,https://denver.craigslist.org/sys/d/aurora-hp-stream-14-ax010wm-celeron/7699051451.html,https://images.craigslist.org/00Z0Z_iMo4Z1lOClG_0lM0t2_300x300.jpg
"HP 14-dq0055dx, Celeron N4120, 4GB RAM, 64GB Storage, W10 Home",$69,2023-12-18 00:00:00.000000,,https://denver.craigslist.org/sys/d/aurora-hp-14-dq0055dx-celeron-n4120-4gb/7699049278.html,https://images.craigslist.org/00Y0Y_6YgHXLxij4I_0lM0t2_300x300.jpg
Super Fast Computer i7 SSD/16GB/SSD,$200,2023-12-18 00:00:00.000000,can deliver,https://denver.craigslist.org/sys/d/denver-super-fast-computer-i7-ssd-16gb/7692425033.html,https://images.craigslist.org/00p0p_kXzWGP4Xjd3_0lM0t2_300x300.jpg
"Dell Latitude E5440, i3-4010U, 8GB RAM, 256GB Storage, W10 Pro",$89,2023-12-18 00:00:00.000000,,https://denver.craigslist.org/sys/d/aurora-dell-latitude-e5440-i3-4010u-8gb/7691926480.html,https://images.craigslist.org/00q0q_8g0wh0c7d08_0lM0t2_300x300.jpg
"Dell Latitude E5440, i3-4010U, 8GB RAM, 256GB Storage, W10 Pro",$89,2023-12-18 00:00:00.000000,,https://denver.craigslist.org/sys/d/aurora-dell-latitude-e5440-i3-4010u-8gb/7691927410.html,https://images.craigslist.org/00Q0Q_l2BMz9fyZFX_0lM0t2_300x300.jpg
"Dell Latitude E5440, i3-4010U, 8GB RAM, 256GB Storage, W10 Pro",$89,2023-12-18 00:00:00.000000,,https://denver.craigslist.org/sys/d/aurora-dell-latitude-e5440-i3-4010u-8gb/7691925378.html,https://images.craigslist.org/00O0O_76Eh2nvYsUO_0lM0t2_300x300.jpg
"ASUS ZenBook UX391U, i7-8550U, 8GB RAM, 256GB Storage, W10 Home",$249,2023-12-18 00:00:00.000000,,https://denver.craigslist.org/sys/d/aurora-asus-zenbook-ux391u-i7-8550u-8gb/7691906223.html,https://images.craigslist.org/01313_eH5onu6K5Wl_0t20CI_300x300.jpg
"Lenovo ThinkPad E570, i3-6006U, 4GB RAM, 128GB Storage, W10 Pro",$134,2023-12-18 00:00:00.000000,,https://denver.craigslist.org/sys/d/aurora-lenovo-thinkpad-e570-i3-6006u/7697536325.html,https://images.craigslist.org/00Q0Q_2rnstOVC6pB_0lM0t2_300x300.jpg
"Dell Latitude 7480, i5-7300U, 8GB RAM, 256GB Storage, W10 Pro",$114,2023-12-18 00:00:00.000000,,https://denver.craigslist.org/sys/d/aurora-dell-latitude-7480-i5-7300u-8gb/7697091572.html,https://images.craigslist.org/00707_ixqey7rEuTT_0lM0t2_300x300.jpg
"HP EliteBook 640 G3, i7-7600U, 8GB RAM, 1TB Storage, W10 Pro",$164,2023-12-18 00:00:00.000000,,https://denver.craigslist.org/sys/d/aurora-hp-elitebook-640-g3-i7-7600u-8gb/7697084081.html,https://images.craigslist.org/00n0n_kr9VyFwqBuw_0lM0t2_300x300.jpg
"HP ZBook 14u G4, i7-7500U, 16GB RAM, 256GB Storage, W10 Pro",$169,2023-12-18 00:00:00.000000,,https://denver.craigslist.org/sys/d/aurora-hp-zbook-14u-g4-i7-7500u-16gb/7697085649.html,https://images.craigslist.org/01212_hMG3Q5qNYFc_0lM0t2_300x300.jpg
"HP ProBook MT21, Celeron 3865U, 8GB RAM, 256GB Storage, W10 Pro",$79,2023-12-18 00:00:00.000000,,https://denver.craigslist.org/sys/d/aurora-hp-probook-mt21-celeron-3865u/7697067608.html,https://images.craigslist.org/00909_9nn7ecPZ3Bl_0lM0t2_300x300.jpg
"HP EliteBook 840 G3, i5-6300U, 8GB RAM, 256GB Storage, W10 Pro",$99,2023-12-18 00:00:00.000000,,https://denver.craigslist.org/sys/d/aurora-hp-elitebook-840-g3-i5-6300u-8gb/7697082556.html,https://images.craigslist.org/01414_iI1wEPicjO9_0lM0t2_300x300.jpg
"Fujitsu Lifebook T374, i5-4300M, 8GB RAM, 256GB Storage, W10 Pro",$59,2023-12-18 00:00:00.000000,,https://denver.craigslist.org/sys/d/aurora-fujitsu-lifebook-t374-i5-4300m/7697033063.html,https://images.craigslist.org/00202_laSzNlLGSDw_0lM0t2_300x300.jpg
"Dell Latitude E7270, i5-6300U, 8GB RAM, 256GB Storage, W10 Pro",$99,2023-12-18 00:00:00.000000,,https://denver.craigslist.org/sys/d/aurora-dell-latitude-e7270-i5-6300u-8gb/7697023917.html,https://images.craigslist.org/00t0t_2evm2LXjDCl_0lM0t2_300x300.jpg
"Dell Latitude E7270, i5-6300U, 8GB RAM, 180GB Storage, W10 Pro",$94,2023-12-18 00:00:00.000000,,https://denver.craigslist.org/sys/d/aurora-dell-latitude-e7270-i5-6300u-8gb/7697025302.html,https://images.craigslist.org/00S0S_6PZGK0sfHeu_0lM0t2_300x300.jpg
"Dell Latitude E7450, i5-5300U, 8GB RAM, 256GB Storage, W10 Pro",$79,2023-12-18 00:00:00.000000,,https://denver.craigslist.org/sys/d/aurora-dell-latitude-e7450-i5-5300u-8gb/7697027439.html,https://images.craigslist.org/00V0V_2uJFSNMecax_0lM0t2_300x300.jpg
"Dell Latitude E5440, i5-4310U, 8GB RAM, 256GB Storage, W10 Pro",$69,2023-12-18 00:00:00.000000,,https://denver.craigslist.org/sys/d/aurora-dell-latitude-e5440-i5-4310u-8gb/7697030022.html,https://images.craigslist.org/01717_7hEgqCripnW_0lM0t2_300x300.jpg
"Dell Precision M6800, i7-4910MQ, 32GB RAM, 512GB/500GB Storage, W10 Pr",$119,2023-12-18 00:00:00.000000,,https://denver.craigslist.org/sys/d/aurora-dell-precision-m6800-i7-4910mq/7697015383.html,https://images.craigslist.org/00F0F_199EXj4ThaE_0lM0t2_300x300.jpg
"Dell Latitude E5570, i7-6820HQ, 16GB RAM, 256GB Storage, W10 Pro",$129,2023-12-18 00:00:00.000000,,https://denver.craigslist.org/sys/d/aurora-dell-latitude-e5570-i7-6820hq/7697017091.html,https://images.craigslist.org/00Z0Z_bH575nYMrGs_0lM0t2_300x300.jpg
"Dell Latitude E7470, i7-6600U, 16GB RAM, 512GB Storage, W10 Pro",$134,2023-12-18 00:00:00.000000,,https://denver.craigslist.org/sys/d/aurora-dell-latitude-e7470-i7-6600u/7697018708.html,https://images.craigslist.org/00R0R_cZVn2efGkBu_0lM0t2_300x300.jpg
"Dell Latitude 5480, i5-7300U, 8GB RAM, 128GB Storage, W10 Pro",$114,2023-12-18 00:00:00.000000,,https://denver.craigslist.org/sys/d/aurora-dell-latitude-5480-i5-7300u-8gb/7697022250.html,https://images.craigslist.org/00707_jOl0ECI0qAb_0lM0t2_300x300.jpg
"2014 13"" Macbook Air -- Great for Students! (Has Office / Big Sur OS)",$100,2023-12-18 00:00:00.000000,Longmont,https://denver.craigslist.org/sys/d/longmont-macbook-air-great-for-students/7698281880.html,https://images.craigslist.org/00i0i_7Dr0QP1DUqO_0CI0t2_300x300.jpg
Macbook Air 2019 - 13.3 Retina - 16gb RAM - 128gb SSD,$300,2023-12-18 00:00:00.000000,Denver,https://denver.craigslist.org/sys/d/denver-macbook-air-retina-16gb-ram/7696254638.html,https://images.craigslist.org/00K0K_dpS6UtDSrdL_0t20CI_300x300.jpg
"ASUS ROG Strix Scar 17 ( RTX 3080 Ti, QHD 240Hz, 1TB SSD, i9-12900H, 16GB DDR5)","$1,550",2023-12-18 00:00:00.000000,Denver,https://denver.craigslist.org/sys/d/denver-asus-rog-strix-scar-17-rtx-3080/7692789997.html,https://images.craigslist.org/00q0q_ksVZcDGf7np_0xk0CI_300x300.jpg
"HP OMEN 16 (RTX 3070 Ti , i7-12700H, 32GB RAM DDR5 4800Mhz, 1TB SSD, 16"" QHD 165","$1,100",2023-12-18 00:00:00.000000,Denver,https://denver.craigslist.org/sys/d/denver-hp-omen-16-rtx-3070-ti-h-32gb/7695874365.html,https://images.craigslist.org/00303_3vYruo1jWaZ_0CI0t2_300x300.jpg
BEELINK NUC 11th Gen and Dual Boot,$225,2023-12-18 00:00:00.000000,Littleton,https://denver.craigslist.org/sys/d/littleton-beelink-nuc-11th-gen-and-dual/7698808203.html,https://images.craigslist.org/00Z0Z_bEfx63uoEst_1440Ny_300x300.jpg
Dell Latitude E5540,$149,2023-12-18 00:00:00.000000,federal heights,https://denver.craigslist.org/sys/d/denver-dell-latitude-e5540/7690916991.html,https://images.craigslist.org/00R0R_dTtbr8cUTjQ_0t20CI_300x300.jpg
HP Pavilion dv5 with fresh Linux (Ubutu 20.04) Installation,$100,2023-12-17 00:00:00.000000,"Evergreen, CO",https://denver.craigslist.org/sys/d/evergreen-hp-pavilion-dv5-with-fresh/7698756080.html,https://images.craigslist.org/00Q0Q_1dzHvN9paBh_0pO0jm_300x300.jpg
Dell XPS 15 9520,$950,2023-12-17 00:00:00.000000,Denver,https://denver.craigslist.org/sys/d/denver-dell-xps/7698626234.html,https://images.craigslist.org/00A0A_4lXthgrUum1_0Cw0CI_300x300.jpg
"14"" Dell E7470 latitude",$115,2023-12-17 00:00:00.000000,N.Thornton,https://denver.craigslist.org/sys/d/thornton-14-dell-e7470-latitude/7693706040.html,https://images.craigslist.org/00g0g_4X8BpmUGAg3_0t20CI_300x300.jpg
BEELINK NUC 11th Gen and Dual Boot,$225,2023-12-16 00:00:00.000000,Littleton,https://denver.craigslist.org/sys/d/littleton-beelink-nuc-11th-gen-and-dual/7698354859.html,https://images.craigslist.org/00Z0Z_bEfx63uoEst_1440Ny_300x300.jpg
Lenovo Thinkpad Pro Dock Docking Station,$39,2023-12-16 00:00:00.000000,Lone Tree,https://denver.craigslist.org/sys/d/littleton-lenovo-thinkpad-pro-dock/7690293169.html,https://images.craigslist.org/00101_gnhnwzHjpXW_0CI0t2_300x300.jpg
"Apple Mac Studio M1 Ultra, 128GB, 4TB -- Pristine condition","$3,800",2023-12-16 00:00:00.000000,Denver,https://denver.craigslist.org/sys/d/denver-apple-mac-studio-m1-ultra-128gb/7698305606.html,https://images.craigslist.org/00e0e_5SQI8G8y9wO_0qm0t2_300x300.jpg
Lenovo ThinkBook 14s Yoga ITL i5-1135G7 2.40GHz 16GB RAM 512GB M.2,$450,2023-12-16 00:00:00.000000,,https://denver.craigslist.org/sys/d/wheat-ridge-lenovo-thinkbook-14s-yoga/7698280710.html,https://images.craigslist.org/00202_g2gapuKPoXp_0fu0fu_300x300.jpg
Microsoft Surface Go 2,$100,2023-12-15 00:00:00.000000,,https://denver.craigslist.org/sys/d/denver-microsoft-surface-go/7697085307.html,https://images.craigslist.org/00U0U_bsY7ATF7L4y_0d40t2_300x300.jpg
Acer TravelMate B,$100,2023-12-15 00:00:00.000000,Arvada,https://denver.craigslist.org/sys/d/arvada-acer-travelmate/7697871138.html,https://images.craigslist.org/00E0E_loOapToiAcd_0dp0t2_300x300.jpg
2015 Macbook Pro 15 inch 500GB HD 16GB ram 2.5GHz Intel i7,$280,2023-12-14 00:00:00.000000,Broomfield,https://denver.craigslist.org/sys/d/broomfield-2015-macbook-pro-15-inch/7692616164.html,https://images.craigslist.org/00Q0Q_iS83G9YC5NP_0CI0t2_300x300.jpg
MacBook Pro Apple Laptop,$601,2023-11-18 00:00:00.000000,"golden, co",https://denver.craigslist.org/sys/d/golden-macbook-pro-apple-laptop/7688954398.html,no image
dell latitude e7440 intel i5 at 1.90ghz 2.50ghz webcam hdmi bluetooth,$180,2023-12-14 00:00:00.000000,denver or can deliver,https://denver.craigslist.org/sys/d/denver-dell-latitude-e7440-intel-i5-at/7697691338.html,https://images.craigslist.org/00p0p_7mSvFrUyXur_0x20oM_300x300.jpg
"Lenovo ThinkPad E570, i3-6006U, 4GB RAM, 128GB Storage, W10 Pro",$134,2023-12-13 00:00:00.000000,,https://denver.craigslist.org/sys/d/aurora-lenovo-thinkpad-e570-i3-6006u/7688078037.html,https://images.craigslist.org/00y0y_bCoId3ITce1_0lM0t2_300x300.jpg
"Dell Latitude E5550, i7-5600U, 16GB RAM, 128GB Storage, W10 Pro",$144,2023-12-13 00:00:00.000000,,https://denver.craigslist.org/sys/d/aurora-dell-latitude-e5550-i7-5600u/7687303723.html,https://images.craigslist.org/00w0w_76jvy85TFjC_0lM0t2_300x300.jpg
"Dell Latitude E5430, i5-3340M, 8GB RAM, 128GB Storage, W10 Pro",$59,2023-12-13 00:00:00.000000,,https://denver.craigslist.org/sys/d/aurora-dell-latitude-e5430-i5-3340m-8gb/7688777565.html,https://images.craigslist.org/00E0E_fEHptFeGAoR_0lM0t2_300x300.jpg
"Dell Latitude E5550, i7-5600U, 16GB RAM, 128GB Storage, W10 Pro",$144,2023-12-13 00:00:00.000000,,https://denver.craigslist.org/sys/d/aurora-dell-latitude-e5550-i7-5600u/7687302264.html,https://images.craigslist.org/00n0n_bCET31i5Tt1_0lM0t2_300x300.jpg
üåÄüåÄ Good Deal - MacBook Air with Warranty üåÄüåÄ,$300,2023-12-13 00:00:00.000000,Denver/Boulder,https://denver.craigslist.org/sys/d/arvada-good-deal-macbook-air-with/7693489837.html,https://images.craigslist.org/00C0C_jFRpguFxmkF_0CI0lM_300x300.jpg
üåÄüåÄ Great 15' Macbook Pro with Warranty üåÄüåÄ,$380,2023-12-13 00:00:00.000000,Denver/Boulder,https://denver.craigslist.org/sys/d/arvada-great-15-macbook-pro-with/7693489575.html,https://images.craigslist.org/00Q0Q_hznbi7UnRCr_0CI0rC_300x300.jpg
HP Pavilion ze4800 with Fresh Windows XP Installation,$100,2023-12-13 00:00:00.000000,"Evergreen, CO",https://denver.craigslist.org/sys/d/evergreen-hp-pavilion-ze4800-with-fresh/7687329971.html,https://images.craigslist.org/00O0O_PShVfaBSnl_0pO0jm_300x300.jpg
Panasonic Toughbook CF-53,$200,2023-12-13 00:00:00.000000,Evergreen,https://denver.craigslist.org/sys/d/evergreen-panasonic-toughbook-cf-53/7697342966.html,https://images.craigslist.org/01616_brRJXtj8uG5_0pO0jm_300x300.jpg
Panasonic Toughbook CF-53,$200,2023-12-13 00:00:00.000000,Evergreen,https://denver.craigslist.org/sys/d/evergreen-panasonic-toughbook-cf-53/7697342701.html,https://images.craigslist.org/00e0e_5UDTcauGXb2_0pO0jm_300x300.jpg
Panasonic Toughbook CF-19,$250,2023-12-13 00:00:00.000000,Evergreen,https://denver.craigslist.org/sys/d/evergreen-panasonic-toughbook-cf-19/7697333597.html,https://images.craigslist.org/00k0k_chofDZEF4PK_0pO0jm_300x300.jpg
ASUS TUF F15 TUF506LU-US74 Laptop Gaming,$550,2023-11-18 00:00:00.000000,"Capital hill, denver",https://denver.craigslist.org/sys/d/denver-asus-tuf-f15-tuf506lu-us74/7688870638.html,https://images.craigslist.org/00w0w_c10pQijNuGD_0t20CI_300x300.jpg
"MacBook Pro 16"" Loaded and in Great Condition",$675,2023-12-13 00:00:00.000000,Denver,https://denver.craigslist.org/sys/d/broomfield-macbook-pro-16-loaded-and-in/7697254519.html,no image
Never Used LG UltraGear QHD 34-In Curved Gaming Monitor,$240,2023-12-13 00:00:00.000000,,https://denver.craigslist.org/sys/d/arvada-never-used-lg-ultragear-qhd-34/7697178485.html,https://images.craigslist.org/00k0k_6fncaiTwTLv_0ww0oo_300x300.jpg
"Dell Laptop For Sale - 13"" i5 11th Gen, 16GB RAM, fast SSD",$400,2023-11-17 00:00:00.000000,Aurora/Parker,https://denver.craigslist.org/sys/d/aurora-dell-laptop-for-sale-13-i5-11th/7684806854.html,https://images.craigslist.org/00505_lzZKWCbGw6x_0lR0t2_300x300.jpg
MINT Dell XPS 15 9520 i7-12700 64GB DDR5 - 1.5 TB SSD - Win 11 Pro - F,"$1,100",2023-12-12 00:00:00.000000,Aurora,https://denver.craigslist.org/sys/d/aurora-mint-dell-xps-gb-ddr-tb-ssd-win/7696893012.html,https://images.craigslist.org/01414_fssOw6F1KcB_0lR0t2_300x300.jpg
Custom PC,$650,2023-12-12 00:00:00.000000,Aurora,https://denver.craigslist.org/sys/d/aurora-custom-pc/7696880159.html,https://images.craigslist.org/01616_jTTK4ylYgCW_0lM0t2_300x300.jpg
2018 HP OMEN 15 GAMING LAPTOP,$600,2023-11-17 00:00:00.000000,denver,https://denver.craigslist.org/sys/d/denver-2018-hp-omen-15-gaming-laptop/7681717576.html,https://images.craigslist.org/00i0i_aEJ2TZ2u7Rp_0jm0cU_300x300.jpg
Samsung Laptop,$90,2023-11-17 00:00:00.000000,Aurora CO,https://denver.craigslist.org/sys/d/aurora-samsung-laptop/7681122802.html,https://images.craigslist.org/00i0i_9OXpc4wxdfv_0CI0t2_300x300.jpg
"Dell Inspiron 15 3000 Series - i3, 500GB, 4GB-Win 10 ‚Äì Exc As-New Cond",$140,2023-12-11 00:00:00.000000,Longmont,https://denver.craigslist.org/sys/d/longmont-dell-inspiron-series-i3-500gb/7696494434.html,https://images.craigslist.org/00U0U_g4LYuNvA9Up_0lv0eC_300x300.jpg
"Lenovo ThinkPad P1 Gen 2 15.6"" FHD i7-9850H  32GB RAM - 1.5TB SSD",$600,2023-12-10 00:00:00.000000,,https://denver.craigslist.org/sys/d/denver-lenovo-thinkpad-p1-gen-fhd-i7/7689455471.html,https://images.craigslist.org/00v0v_dEL2YU5A0bs_0iS0oU_300x300.jpg
HP ZBook 15 G3 - 4K - Intel i7-6820HQ 2.7Ghz - 64GB RAM 1TB SSD,$350,2023-12-10 00:00:00.000000,,https://denver.craigslist.org/sys/d/denver-hp-zbook-15-g3-4k-intel-i7/7689459208.html,https://images.craigslist.org/00u0u_wmQa30lojb_0iS0oS_300x300.jpg
Dell Inspiron 1100 with Windows XP Installation,$100,2023-12-10 00:00:00.000000,"Evergreen, CO",https://denver.craigslist.org/sys/d/evergreen-dell-inspiron-1100-with/7693079678.html,https://images.craigslist.org/00P0P_iBLEKaYrRMm_0pO0jm_300x300.jpg
dell duo core intel 4gb Linux peppermint laptop computer,$50,2023-11-17 00:00:00.000000,denver,https://denver.craigslist.org/sys/d/denver-dell-duo-core-intel-4gb-linux/7688509173.html,https://images.craigslist.org/01616_biEhcU783El_05r07g_300x300.jpg
"ASUS ZenBook 14"" 2.8K OLED",$500,2023-12-08 00:00:00.000000,Green Valley Ranch,https://denver.craigslist.org/sys/d/aurora-asus-zenbook-14-28k-oled/7690091593.html,https://images.craigslist.org/01313_2IGVbn50ll9_0CI0t2_300x300.jpg
"MacBook Pro 15"" 1TB",$550,2023-12-08 00:00:00.000000,Lakewood,https://denver.craigslist.org/sys/d/denver-macbook-pro-15-1tb/7695511289.html,https://images.craigslist.org/01515_4OyuvuaAtsS_0t20CI_300x300.jpg
3060ti gaming computer,$900,2023-12-08 00:00:00.000000,,https://denver.craigslist.org/sys/d/denver-3060ti-gaming-computer/7695506193.html,https://images.craigslist.org/00m0m_gLk9CUVAYRN_0t20CI_300x300.jpg
"Dell Latitude E5550, i7-5600U, 16GB RAM, 256GB Storage, W10 Pro",$119,2023-12-07 00:00:00.000000,,https://denver.craigslist.org/sys/d/aurora-dell-latitude-e5550-i7-5600u/7685181822.html,https://images.craigslist.org/01212_44IPeLZq0Nc_0lM0t2_300x300.jpg
"Dell Latitude E5550, i7-5600U, 16GB RAM, 256GB Storage, W10 Pro",$119,2023-12-07 00:00:00.000000,,https://denver.craigslist.org/sys/d/aurora-dell-latitude-e5550-i7-5600u/7685179852.html,https://images.craigslist.org/00t0t_kQ36QeAtkuK_0lM0t2_300x300.jpg
Dell Latitude,$225,2023-12-07 00:00:00.000000,,https://denver.craigslist.org/sys/d/broomfield-dell-latitude/7695100043.html,no image
"HP Omen 15"" Gaming PC","$1,500",2023-12-06 00:00:00.000000,,https://denver.craigslist.org/sys/d/denver-hp-omen-15-gaming-pc/7694780930.html,https://images.craigslist.org/00101_hcjxfRc4SZk_0CI0t2_300x300.jpg
Sell or Trade iMac M1 24‚Äù Silver 8gbRam / 256gbMemory,$800,2023-12-05 00:00:00.000000,Denver,https://denver.craigslist.org/sys/d/denver-sell-or-trade-imac-m1-24-silver/7694640131.html,https://images.craigslist.org/00P0P_bhw7IhHUHxS_0t20CI_300x300.jpg
Apple Magic Trackpad,$40,2023-12-05 00:00:00.000000,North Aurora,https://denver.craigslist.org/sys/d/aurora-apple-magic-trackpad/7694493168.html,https://images.craigslist.org/00V0V_3wbzL4VLMXG_0kE0fu_300x300.jpg
Timbuk2 computer backpack,$60,2023-12-04 00:00:00.000000,Denver,https://denver.craigslist.org/sys/d/denver-timbuk2-computer-backpack/7694280209.html,https://images.craigslist.org/00S0S_5osYcGkxYmy_0t20CI_300x300.jpg
"Dell Inspiron 15, i5-8250U, 8GB RAM, 256GB Storage, W10 Pro",$174,2023-12-04 00:00:00.000000,,https://denver.craigslist.org/sys/d/aurora-dell-inspiron-15-i5-8250u-8gb/7684716510.html,https://images.craigslist.org/00x0x_geSrhLC2PA9_0lM0t2_300x300.jpg
"Dell Latitude E5550, i7-5600U, 16GB RAM, 256GB Storage, W10 Pro",$119,2023-12-04 00:00:00.000000,,https://denver.craigslist.org/sys/d/aurora-dell-latitude-e5550-i7-5600u/7684719733.html,https://images.craigslist.org/00D0D_lGrNJFHqVht_0lM0t2_300x300.jpg
HP ZBook Studio x360 i9-32gb-4k touchscreen laptop,$500,2023-11-15 00:00:00.000000,Athmar Park,https://denver.craigslist.org/sys/d/denver-hp-zbook-studio-x360-i9-32gb-4k/7679876313.html,https://images.craigslist.org/01414_kdlzG1ixJbs_0jm0pO_300x300.jpg
** Used Dell E7440 System **,$70,2023-12-02 00:00:00.000000,,https://denver.craigslist.org/sys/d/castle-rock-used-dell-e7440-system/7693561930.html,https://images.craigslist.org/01414_3xH4cjbsadM_0CI0t2_300x300.jpg
"Dell Latitude 3350 4GB RAM 250GB SSD i3 5005u WiFi ,HDMI, CAM, WIN10",$100,2023-12-02 00:00:00.000000,denver,https://denver.craigslist.org/sys/d/denver-dell-latitude-gb-ram-250gb-ssd/7693471723.html,https://images.craigslist.org/01414_5ls03LQiIHf_0t20CI_300x300.jpg
Learn your device to it‚Äôs fullest,,2023-12-01 00:00:00.000000,Denver,https://denver.craigslist.org/sys/d/denver-learn-your-device-to-its-fullest/7693057713.html,https://images.craigslist.org/01111_4a55MKVPjJf_0wg0fi_300x300.jpg
Off Lease Dell Latitude E7470 14in 3.5lb Ultrabook Laptop,$140,2023-11-14 00:00:00.000000,Aurora,https://denver.craigslist.org/sys/d/aurora-off-lease-dell-latitude-in-35lb/7685293107.html,https://images.craigslist.org/00000_cUskrhMTF7y_0CI0uq_300x300.jpg
Lenovo T495 AMD Ryzen 7 pro,$180,2023-11-29 00:00:00.000000,Parker,https://denver.craigslist.org/sys/d/castle-rock-lenovo-t495-amd-ryzen-pro/7691204569.html,https://images.craigslist.org/00A0A_i9WXsWzyRoz_0pE0jk_300x300.jpg
"Apple 15"" MacBook Pro 2017 (512GB SSD, Intel Core i7, 2.9GHz, 16GB) ‚Äì Space Gr",$320,2023-11-29 00:00:00.000000,Denver,https://denver.craigslist.org/sys/d/denver-apple-15-macbook-pro-gb-ssd/7692416663.html,https://images.craigslist.org/00u0u_e50hIYkdRmP_0u60CI_300x300.jpg
Old MAC computers,$1,2023-11-28 00:00:00.000000,Wheat Ridge,https://denver.craigslist.org/sys/d/denver-old-mac-computers/7683050549.html,https://images.craigslist.org/00L0L_biP9eAJrq7G_0CI0t2_300x300.jpg
"Dell XPS 15 7590 15.6"" 4K OLED - i7-9750H ‚úî32GB RAM‚úî1TB SSD‚úîGTX 1650‚úî",$700,2023-11-27 00:00:00.000000,Aurora,https://denver.craigslist.org/sys/d/aurora-dell-xps-oled-i7-9750h-32gb/7691886290.html,https://images.craigslist.org/00d0d_2W3rJ6UhvkW_0Cz0t2_300x300.jpg
Misc Computer Parts for Sale,,2023-11-27 00:00:00.000000,,https://denver.craigslist.org/sys/d/castle-rock-misc-computer-parts-for-sale/7691797567.html,https://images.craigslist.org/00E0E_fSR1KAgtaSA_0tJ0mi_300x300.jpg
MSI GF75 thin Gaming Laptop With light up led mousepad and Cooling fan stand,$900,2023-11-12 00:00:00.000000,Arvada,https://denver.craigslist.org/sys/d/arvada-msi-gf75-thin-gaming-laptop-with/7686906613.html,no image
"Dell XPS 15 9550, 15.6"" UHD Touch Screen",$350,2023-11-27 00:00:00.000000,Highlands Ranch,https://denver.craigslist.org/sys/d/littleton-dell-xps-uhd-touch-screen/7691604018.html,https://images.craigslist.org/00X0X_82hHOmlMPcj_0z70jM_300x300.jpg
"MacBook Air 15"" M2 - 256GB SSD/8GB Memory - Midnight *PRISTINE*",$950,2023-12-17 00:00:00.000000,Littleton,https://denver.craigslist.org/sys/d/littleton-macbook-air-15-gb-ssd-8gb/7695654937.html,https://images.craigslist.org/00p0p_livAUWayeaS_0CI0rT_300x300.jpg
Dell i3 4gb ram 500gb windows 10 laptop computer,$60,2023-11-12 00:00:00.000000,denver,https://denver.craigslist.org/sys/d/denver-dell-i3-4gb-ram-500gb-windows-10/7686766326.html,https://images.craigslist.org/00Y0Y_iWDEjS6hGLH_05r07g_300x300.jpg
"Working Quad and Dual Core Windows 10 Desktops, Laptops and LCDs",$1,2023-11-25 00:00:00.000000,Littleton - Near Simms/Belleview,https://denver.craigslist.org/sys/d/denver-working-quad-and-dual-core/7690941604.html,https://images.craigslist.org/00b0b_aI7Rh4wvEY7z_0CI0dU_300x300.jpg
"üçé Apple 16"" MacBook Pro 2019 Lapto 2.4GHz Intel i9 Up To 64GB 8TB SSD","$1,199",2023-11-24 00:00:00.000000,Techable.com,https://denver.craigslist.org/syd/d/denver-apple-16-macbook-pro-2019-lapto/7690941620.html,https://images.craigslist.org/00m0m_3sIbNXcwDAe_0wg0lv_300x300.jpg
MacBookPro - Acer Aspire - Asus F555UA,$100,2023-11-24 00:00:00.000000,Denver,https://denver.craigslist.org/sys/d/denver-macbookpro-acer-aspire-asus/7690926206.html,https://images.craigslist.org/01111_ezzUlN9vECy_0t20CI_300x300.jpg
Wanted: old computers,,2023-12-13 00:00:00.000000,Denver,https://denver.craigslist.org/sys/d/denver-wanted-old-computers/7695319686.html,https://images.craigslist.org/00m0m_hwdpDfnIXiF_0CI0tC_300x300.jpg
High End Gaming PC Bundle,$999,2023-11-24 00:00:00.000000,,https://denver.craigslist.org/sys/d/denver-high-end-gaming-pc-bundle/7690728418.html,https://images.craigslist.org/00K0K_gG5N4ALJ8uR_0CI0t2_300x300.jpg
Galaxy Chromebook Go Laptop,$200,2023-11-11 00:00:00.000000,Denver,https://denver.craigslist.org/sys/d/denver-galaxy-chromebook-go-laptop/7686624267.html,https://images.craigslist.org/00U0U_eU9JqveKeUz_0t20CI_300x300.jpg
NEW Universal USB C Thunderbolt Docking Station HP Lenovo Dell WD22TB4,$250,2023-12-12 00:00:00.000000,Parker,https://denver.craigslist.org/sys/d/englewood-new-universal-usb-thunderbolt/7686907779.html,https://images.craigslist.org/01414_j1AsRI4Z9K1_0fn09i_300x300.jpg
Microsoft Surface Pro 7 w/ docking station,$125,2023-11-22 00:00:00.000000,Aurora,https://denver.craigslist.org/sys/d/aurora-microsoft-surface-pro-w-docking/7690145277.html,https://images.craigslist.org/00k0k_fh6cIh1LX1q_0t20CI_300x300.jpg
"Alienware P109f Gaming Laptop, Intel I7 12th Gen, 16gb Ram 1tb","$1,299",2023-11-11 00:00:00.000000,Aurora,https://denver.craigslist.org/sys/d/aurora-alienware-p109f-gaming-laptop/7686371376.html,https://images.craigslist.org/01717_cLyhU3pAOIk_0t20CI_300x300.jpg
Asus ROG Strix Gaming Laptop i7 nVidia GTX NVME SSD AND HDD WIN10PRO OFFICE 19,$675,2023-11-10 00:00:00.000000,Aurora,https://denver.craigslist.org/sys/d/aurora-asus-rog-strix-gaming-laptop-i7/7686229803.html,no image
Microsoft Surface 5,$950,2023-11-21 00:00:00.000000,DENVER,https://denver.craigslist.org/sys/d/denver-microsoft-surface/7689730444.html,https://images.craigslist.org/00e0e_hcycvo6ctLl_0CI0t2_300x300.jpg
"HP EliteBook 820 G3, i7-6600U, 8GB RAM, 256GB Storage, Win10 Pro",$134,2023-11-20 00:00:00.000000,,https://denver.craigslist.org/sys/d/aurora-hp-elitebook-820-g3-i7-6600u-8gb/7680562374.html,https://images.craigslist.org/00k0k_bfwrSAg5dvH_0t20CI_300x300.jpg
Lenovo ideapad y700,$400,2023-11-20 00:00:00.000000,centennial,https://denver.craigslist.org/sys/d/littleton-lenovo-ideapad-y700/7689428564.html,https://images.craigslist.org/00m0m_57SvkUr83C4_0CI0t2_300x300.jpg
Recycle /Recycling Computer Today We Pickup,,2023-12-04 00:00:00.000000,Colorado,https://denver.craigslist.org/sys/d/denver-recycle-recycling-computer-today/7694104183.html,https://images.craigslist.org/01717_iwMmQhGbIJZ_0g8094_300x300.jpg
dell latitude E7270 intel core i5 at 2.40ghz 16gb ram  can deliver,$220,2023-11-19 00:00:00.000000,denver oara can deliver,https://denver.craigslist.org/sys/d/denver-dell-latitude-e7270-intel-core/7689294237.html,https://images.craigslist.org/00x0x_bKtFDQKFq2G_0x20oM_300x300.jpg
"Thule Gauntlet MacBook Sleeve, Black, One Size",$25,2023-12-03 00:00:00.000000,Cherry Creek,https://denver.craigslist.org/sys/d/denver-thule-gauntlet-macbook-sleeve/7693847390.html,https://images.craigslist.org/00L0L_dxuaYCA0X3o_0x20oM_300x300.jpg
"14"" Lenovo ThinkPad T470 Laptops",$199,2023-12-02 00:00:00.000000,Cherry Creek,https://denver.craigslist.org/sys/d/denver-14-lenovo-thinkpad-t470-laptops/7693502947.html,https://images.craigslist.org/00p0p_7sqvD0zABV4_0lM0t2_300x300.jpg
Alienware 17 R5,$450,2023-11-18 00:00:00.000000,,https://denver.craigslist.org/sys/d/denver-alienware-17-r5/7688889052.html,https://images.craigslist.org/00O0O_eai7RoLjmib_0CI0t2_300x300.jpg
"17"" Custom Origin Laptop",$500,2023-11-09 00:00:00.000000,Denver,https://denver.craigslist.org/sys/d/denver-17-custom-origin-laptop/7685909926.html,https://images.craigslist.org/00u0u_7we371miSRH_0CI0t2_300x300.jpg
HP Pav DV6000 Win 10 Pro,$40,2023-11-18 00:00:00.000000,Wheat Ridge,https://denver.craigslist.org/sys/d/wheat-ridge-hp-pav-dv6000-win-10-pro/7688836122.html,https://images.craigslist.org/00000_2XroqKZ8obJ_0pO0pO_300x300.jpg
(2) Dell & Toshiba Laptops For Sale,$120,2023-11-30 00:00:00.000000,Broomfield,https://denver.craigslist.org/sys/d/broomfield-dell-toshiba-laptops-for-sale/7692739095.html,https://images.craigslist.org/00Q0Q_lLTjamX1kuU_0CI0lN_300x300.jpg
"Lenovo ThinkPad T490s, i5-8365U, 8GB RAM, 256GB Storage, Win10 Pro",$174,2023-11-17 00:00:00.000000,,https://denver.craigslist.org/sys/d/aurora-lenovo-thinkpad-t490s-i5-8365u/7678849795.html,https://images.craigslist.org/00h0h_bSzb5TVlIth_0t20CI_300x300.jpg
"Dell Inspiron i5 14 inch laptop - New, never powered on.",$480,2023-11-09 00:00:00.000000,,https://denver.craigslist.org/sys/d/aurora-dell-inspiron-i5-14-inch-laptop/7684317263.html,https://images.craigslist.org/00w0w_cKGHpNr1rC8_0CI0t2_300x300.jpg
DJ Rack - Magma Control Stand II,$35,2023-11-17 00:00:00.000000,Cory Merrill,https://denver.craigslist.org/sys/d/denver-dj-rack-magma-control-stand-ii/7688577674.html,https://images.craigslist.org/01616_l3YyIYrw0yI_0ak07K_300x300.jpg
DELL G3 3500 15.6 inch display,$300,2023-11-16 00:00:00.000000,Denver,https://denver.craigslist.org/sys/d/denver-dell-inch-display/7688114107.html,https://images.craigslist.org/00808_6rXYLEkipqk_0CI0t2_300x300.jpg
"Dell Inspiron 15 7579 2in1, i5-7200U, 8GB RAM, 256GB Storage, Win 10 H",$149,2023-11-15 00:00:00.000000,,https://denver.craigslist.org/sys/d/aurora-dell-inspiron-in1-i5-7200u-8gb/7677747774.html,https://images.craigslist.org/00y0y_2qL2xIdjFix_0lM0t2_300x300.jpg
Gaming Computer w/3060ti,"$1,500",2023-11-15 00:00:00.000000,,https://denver.craigslist.org/sys/d/denver-gaming-computer-3060ti/7687813335.html,https://images.craigslist.org/00V0V_34ejb4klikR_0t20CI_300x300.jpg
Dell Latitude 6400  (2),$100,2023-11-24 00:00:00.000000,Lakewood,https://denver.craigslist.org/sys/d/denver-dell-latitude/7690796543.html,https://images.craigslist.org/01212_9Rl1jaB5sVh_0gw0co_300x300.jpg
"leather laptop bag fits 15""",$20,2023-11-08 00:00:00.000000,north Denver (I-70 and York),https://denver.craigslist.org/sys/d/denver-leather-laptop-bag-fits-15/7685511120.html,https://images.craigslist.org/00505_9Z4LuXeaWvm_1320MM_300x300.jpg
HP EliteBook X360 1030 G2 (i7-7600U Touchscreen),$175,2023-11-15 00:00:00.000000,Denver,https://denver.craigslist.org/sys/d/denver-hp-elitebook-g2-i7-7600u/7679874550.html,https://images.craigslist.org/00E0E_hbE7dT188kx_0jm0pO_300x300.jpg
HP Laptop,$45,2023-11-08 00:00:00.000000,Lakewood,https://denver.craigslist.org/sys/d/denver-hp-laptop/7681276404.html,https://images.craigslist.org/00a0a_cJoLrOussO0_0CI0t2_300x300.jpg
AMERICAN ROBOTICS-Manufacturing Arms & Controllers,$600,2023-11-14 00:00:00.000000,,https://denver.craigslist.org/sys/d/byers-american-robotics-manufacturing/7687536495.html,https://images.craigslist.org/00404_982tkbMHPp8_05r07g_300x300.jpg
gGREAT I7 8TH GENERATION GAMING LAPTOP BY SYSTEM76,$600,2023-11-08 00:00:00.000000,denver,https://denver.craigslist.org/sys/d/denver-ggreat-i7-8th-generation-gaming/7685408685.html,https://images.craigslist.org/00404_9nyU26AjR0V_04Q03D_300x300.jpg
Dell Latitude e6540 (i7/16GB/1TB) + FREE Surface Table (1,$285,2023-11-13 00:00:00.000000,Golden,https://denver.craigslist.org/sys/d/golden-dell-latitude-e6540-i7-16gb-1tb/7682311919.html,https://images.craigslist.org/01313_fVqi0bKDg0L_0CI0lM_300x300.jpg
Lenovo ideapad laptop $75 obo,$75,2023-11-07 00:00:00.000000,arvada,https://denver.craigslist.org/sys/d/arvada-lenovo-ideapad-laptop-75-obo/7683095731.html,https://images.craigslist.org/00X0X_38Kd1qGs1NU_0t20CI_300x300.jpg
Toshiba Satellite T1850c windows 3.1 / office / DOS vintage laptop com,$150,2023-11-07 00:00:00.000000,Denver,https://denver.craigslist.org/sys/d/denver-toshiba-satellite-t1850c-windows/7685066895.html,https://images.craigslist.org/00e0e_jpvpW1tc5Xt_0CI0t2_300x300.jpg
Asus ROG STRIX Laptop,$700,2023-11-07 00:00:00.000000,federal heights,https://denver.craigslist.org/sys/d/denver-asus-rog-strix-laptop/7675246409.html,https://images.craigslist.org/00w0w_9aW79gqz9x6_0t20CI_300x300.jpg
dell latitude E7270 intel core i5 at 2.40ghz 16gb ram  can deliver,$220,2023-11-09 00:00:00.000000,denver or can deliver,https://denver.craigslist.org/sys/d/denver-dell-latitude-e7270-intel-core/7685905095.html,https://images.craigslist.org/00x0x_bKtFDQKFq2G_0x20oM_300x300.jpg
Laptop/Printer/Scanner/External Drive Bundle,$450,2023-11-07 00:00:00.000000,Aurora,https://denver.craigslist.org/sys/d/denver-laptop-printer-scanner-external/7674933458.html,https://images.craigslist.org/00808_5b2SEmwJZZ7_0Cz0t2_300x300.jpg
Selling Laptop HP - Envy 2 in 1 15.6 Touch Screen,$400,2023-11-07 00:00:00.000000,Westminster,https://denver.craigslist.org/sys/d/westminster-selling-laptop-hp-envy-in/7684894338.html,https://images.craigslist.org/00s0s_4KDni5b8Ygj_0CI0t2_300x300.jpg
Wanted -DELL LATITUDE 5510 Precision 3550,$25,2023-11-08 00:00:00.000000,thornton,https://denver.craigslist.org/sys/d/denver-wanted-dell-latitude-5510/7685222558.html,no image
2022 Asus Zephyrus ROG M16,"$2,400",2023-11-07 00:00:00.000000,Englewood,https://denver.craigslist.org/sys/d/englewood-2022-asus-zephyrus-rog-m16/7685186323.html,https://images.craigslist.org/00g0g_l9yOn9b4RE4_0CI0t2_300x300.jpg
Universal Laptop Charger,$25,2023-11-06 00:00:00.000000,"Aurora, CO",https://denver.craigslist.org/sys/d/aurora-universal-laptop-charger/7684554143.html,https://images.craigslist.org/00404_iXXOw59NBOK_0t20lM_300x300.jpg
Silver Mid 2017 MacBook Pro - like new - read description.,$550,2023-11-06 00:00:00.000000,Central Park,https://denver.craigslist.org/sys/d/denver-silver-mid-2017-macbook-pro-like/7684573367.html,https://images.craigslist.org/01717_kwc1yY6fsZH_0MM132_300x300.jpg
Desktop Speakers,$20,2023-11-06 00:00:00.000000,"Aurora, CO",https://denver.craigslist.org/sys/d/aurora-desktop-speakers/7684558450.html,https://images.craigslist.org/00K0K_dfAg4t1uOtZ_0ww0oo_300x300.jpg
"Macbook Pro Retina  2019 15.4"" I9 Like new",$875,2023-11-06 00:00:00.000000,Denver,https://denver.craigslist.org/sys/d/denver-macbook-pro-retina-i9-like-new/7684450891.html,https://images.craigslist.org/00U0U_6G9gqIIG1pQ_0aX0aa_300x300.jpg
ROG Scar Strix 17 2022 3070ti,"$1,000",2023-11-05 00:00:00.000000,Denver,https://denver.craigslist.org/sys/d/denver-rog-scar-strix-ti/7684427087.html,https://images.craigslist.org/00h0h_iv9zq8jLbGg_0t20CI_300x300.jpg
,,,,,no image
